<?xml version="1.0" encoding="UTF-8"?>
<project-private xmlns="http://www.netbeans.org/ns/project-private/1">
    <editor-bookmarks xmlns="http://www.netbeans.org/ns/editor-bookmarks/2" lastBookmarkId="0"/>
    <open-files xmlns="http://www.netbeans.org/ns/projectui-open-files/2">
        <group>
            <file>file:/C:/Users/melic/EstructuraDatos09/EnvíaPack/src/envíapack/Principal.java</file>
            <file>file:/C:/Users/melic/EstructuraDatos09/EnvíaPack/src/envíapack/Paquete.java</file>
            <file>file:/C:/Users/melic/EstructuraDatos09/EnvíaPack/src/envíapack/NodoListaPaquetes.java</file>
            <file>file:/C:/Users/melic/EstructuraDatos09/EnvíaPack/src/envíapack/NodoPilaPaquetes.java</file>
            <file>file:/C:/Users/melic/EstructuraDatos09/EnvíaPack/src/envíapack/NodoColaPaquetes.java</file>
            <file>file:/C:/Users/melic/EstructuraDatos09/EnvíaPack/src/envíapack/NodoGuia.java</file>
            <file>file:/C:/Users/melic/EstructuraDatos09/EnvíaPack/src/envíapack/NodoDistribucion.java</file>
            <file>file:/C:/Users/melic/EstructuraDatos09/EnvíaPack/src/envíapack/ListaPaquete.java</file>
            <file>file:/C:/Users/melic/EstructuraDatos09/EnvíaPack/src/envíapack/PilaPaquete.java</file>
            <file>file:/C:/Users/melic/EstructuraDatos09/EnvíaPack/src/envíapack/ColaPaquete.java</file>
            <file>file:/C:/Users/melic/EstructuraDatos09/EnvíaPack/src/envíapack/ListaGuia.java</file>
            <file>file:/C:/Users/melic/EstructuraDatos09/EnvíaPack/src/envíapack/ListaDobleGuia.java</file>
            <file>file:/C:/Users/melic/EstructuraDatos09/EnvíaPack/src/envíapack/AsignarDestino.java</file>
            <file>file:/C:/Users/melic/EstructuraDatos09/EnvíaPack/src/envíapack/GenerarGuías.java</file>
        </group>
    </open-files>
</project-private>
